"Country","Year","debtgdp","dgcat","dRGDP"
"Australia",1946,190.4190800681,"Above 90%",-3.5579514825
"Australia",1947,177.3213713553,"Above 90%",2.4594745668
"Australia",1948,148.9298105151,"Above 90%",6.4375340971
"Australia",1949,125.8286985539,"Above 90%",6.6119938493
"Australia",1950,109.8093979996,"Above 90%",6.9202012418
"Australia",1951,87.094479226,"60-90%",4.2726115481
"Australia",1952,86.0664381756,"60-90%",0.9046515996
"Australia",1953,79.8650221084,"60-90%",3.1192802854
"Australia",1954,76.846702887,"60-90%",6.2168138265
"Australia",1955,74.9805019498,"60-90%",5.4620896706
"Australia",1956,71.8182657678,"60-90%",3.4416081428
"Australia",1957,67.7237634682,"60-90%",2.0030116572
"Australia",1958,66.0497512438,"60-90%",4.8029321557
"Australia",1959,62.3884514436,"60-90%",6.1565736907
"Australia",1960,48.3363802559,"30-60%",4.1912126377
"Australia",1961,49.3781138269,"30-60%",0.6894658835
"Australia",1962,50.3307607497,"30-60%",6.2488414947
"Australia",1963,47.5875309453,"30-60%",6.1255695579
"Australia",1964,45.0115260489,"30-60%",6.841499618
"Australia",1965,43.7390374332,"30-60%",5.1073419738
"Australia",1966,42.4812330299,"30-60%",2.7830639536
"Australia",1967,40.5344808881,"30-60%",6.7516734667
"Australia",1968,39.4942665871,"30-60%",5.8788906154
"Australia",1969,36.8007764249,"30-60%",6.0816970937
"Australia",1970,34.9635906262,"30-60%",6.3597870289
"Australia",1971,32.2898717212,"30-60%",4.4488240704
"Australia",1972,30.72174427,"30-60%",2.8058015498
"Australia",1973,27.3614668003,"0-30%",5.4211302332
"Australia",1974,22.3663943991,"0-30%",2.479194958
"Australia",1975,23.6368473562,"0-30%",2.7074626528
"Australia",1976,22.9823490858,"0-30%",4.0310530582
"Australia",1977,23.6389103163,"0-30%",1.0467569086
"Australia",1978,24.7328917511,"0-30%",2.9010820706
"Australia",1979,20.8721951141,"0-30%",5.2659747992
"Australia",1980,19.1240875912,"0-30%",1.9984020531
"Australia",1981,16.1768449812,"0-30%",4.1557516378
"Australia",1982,15.0436151229,"0-30%",-0.0097400068
"Australia",1983,17.5796955773,"0-30%",-0.5260115982
"Australia",1984,20.0629239638,"0-30%",6.4144998118
"Australia",1985,21.4240170032,"0-30%",5.7161962643
"Australia",1986,21.491707707,"0-30%",2.1105795921
"Australia",1987,19.9939123512,"0-30%",4.3962809589
"Australia",1988,16.2935934114,"0-30%",4.0304127312
"Australia",1989,12.4983297658,"0-30%",4.5749490665
"Australia",1990,10.3312013888,"0-30%",1.604439522
"Australia",1991,9.3083213927,"0-30%",-1.2501169676
"Australia",1992,10.8657169152,"0-30%",2.1122873748
"Australia",1993,13.814962432,"0-30%",3.8972118118
"Australia",1994,15.9184748817,"0-30%",5.0135386698
"Australia",1995,18.3834558684,"0-30%",3.4888318882
"Australia",1996,17.7753233689,"0-30%",4.2816070409
"Australia",1997,17.4123245735,"0-30%",3.99699686
"Australia",1998,14.586137695,"0-30%",5.0513793108
"Australia",1999,13.2160492638,"0-30%",4.4017237343
"Australia",2000,11.1060178708,"0-30%",3.4261296481
"Australia",2001,9.2397825968,"0-30%",2.0893402158
"Australia",2002,8.227777925,"0-30%",4.2473484927
"Australia",2003,7.0313350387,"0-30%",2.9659397649
"Australia",2004,6.2713509514,"0-30%",3.8422786489
"Australia",2005,5.8920133425,"0-30%",2.7591946547
"Australia",2006,5.3925663627,"0-30%",2.8403720339
"Australia",2007,4.9054301034,"0-30%",4.0487802976
"Australia",2008,4.6778870663,"0-30%",2.3542239641
"Australia",2009,8.4182698416,"0-30%",0.7322497392
"Austria",1946,,,16.8
"Austria",1947,,,10.2739726027
"Austria",1948,35.2022832902,"30-60%",27.3291925466
"Austria",1949,26.4481413713,"0-30%",18.9024390244
"Austria",1950,22.1443982124,"0-30%",12.4089618397
"Austria",1951,15.2643312102,"0-30%",6.8399346354
"Austria",1952,13.5804012249,"0-30%",0.0873998543
"Austria",1953,16.5658058965,"0-30%",4.3516227623
"Austria",1954,14.2680998376,"0-30%",10.219665272
"Austria",1955,11.8947319304,"0-30%",11.0531144222
"Austria",1956,10.9238191123,"0-30%",6.8793619143
"Austria",1957,8.3042690737,"0-30%",6.1247334755
"Austria",1958,11.5927580737,"0-30%",3.6516148476
"Austria",1959,13.5199043226,"0-30%",2.842120566
"Austria",1960,13.5685102265,"0-30%",8.2318294263
"Austria",1961,12.3920535956,"0-30%",5.309214393
"Austria",1962,11.9662696453,"0-30%",2.42258878
"Austria",1963,12.0886170587,"0-30%",4.0706357215
"Austria",1964,12.043660419,"0-30%",6.0019004402
"Austria",1965,11.4713995943,"0-30%",2.8758552559
"Austria",1966,10.9782892042,"0-30%",5.6282675961
"Austria",1967,12.1070690802,"0-30%",3.0404552265
"Austria",1968,12.9842914874,"0-30%",4.4440813659
"Austria",1969,13.016119403,"0-30%",6.2886194759
"Austria",1970,10.5834380653,"0-30%",7.1234086393
"Austria",1971,9.2769384205,"0-30%",5.1123170983
"Austria",1972,8.9382410593,"0-30%",6.2086633728
"Austria",1973,9.1861933941,"0-30%",4.8870237275
"Austria",1974,8.8758906834,"0-30%",3.9435859528
"Austria",1975,12.799352405,"0-30%",-0.36235156
"Austria",1976,15.1810591415,"0-30%",4.5770219901
"Austria",1977,16.4255142062,"0-30%",4.6767850759
"Austria",1978,18.8560477241,"0-30%",-0.3632637854
"Austria",1979,23.5881780132,"0-30%",5.4553197677
"Austria",1980,25.2011471361,"0-30%",2.314
"Austria",1981,26.7622848591,"0-30%",-0.099
"Austria",1982,28.842310731,"0-30%",1.908
"Austria",1983,32.9775287024,"30-60%",2.804
"Austria",1984,35.458274913,"30-60%",0.332
"Austria",1985,37.6409144659,"30-60%",2.243
"Austria",1986,42.0278441851,"30-60%",2.341
"Austria",1987,45.7718944983,"30-60%",1.681
"Austria",1988,45.7598961056,"30-60%",0.961
"Austria",1989,45.8473934845,"30-60%",3.742
"Austria",1990,45.9691806215,"30-60%",4.171
"Austria",1991,46.6508765565,"30-60%",3.338
"Austria",1992,46.74949905,"30-60%",1.888
"Austria",1993,50.591228952,"30-60%",0.374
"Austria",1994,53.3303395006,"30-60%",2.213
"Austria",1995,55.86983787,"30-60%",2.539
"Austria",1996,56.3491534832,"30-60%",2.23
"Austria",1997,58.4586875954,"30-60%",2.126
"Austria",1998,58.4765078517,"30-60%",3.595
"Austria",1999,59.589148344,"30-60%",3.34
"Austria",2000,58.1634373991,"30-60%",3.651
"Austria",2001,57.1357982861,"30-60%",0.52
"Austria",2002,56.6388543647,"30-60%",1.647
"Austria",2003,56.8190163993,"30-60%",0.801
"Austria",2004,58.2308769578,"30-60%",2.545
"Austria",2005,58.0204035552,"30-60%",2.46
"Austria",2006,56.7082549324,"30-60%",3.46
"Austria",2007,54.4260696797,"30-60%",3.547
"Austria",2008,57.463422595,"30-60%",2.048
"Austria",2009,62.1673568649,"60-90%",-3.824
"Belgium",1946,118.2628018107,"Above 90%",
"Belgium",1947,98.6420596715,"Above 90%",15.2163021099
"Belgium",1948,74.2405108231,"60-90%",11.440554227
"Belgium",1949,78.2540684885,"60-90%",-1.3066289151
"Belgium",1950,73.6828782388,"60-90%",5.6413171213
"Belgium",1951,64.4716690155,"60-90%",7.0330626054
"Belgium",1952,66.2538635395,"60-90%",-0.4295235634
"Belgium",1953,68.4600946013,"60-90%",2.9310774977
"Belgium",1954,69.8614138096,"60-90%",-1.2687253497
"Belgium",1955,68.6243349109,"60-90%",5.149511819
"Belgium",1956,65.8899767321,"60-90%",2.4321598312
"Belgium",1957,62.8383073131,"60-90%",3.0461368771
"Belgium",1958,67.168595021,"60-90%",-1.4946034445
"Belgium",1959,70.280214599,"60-90%",2.5874223528
"Belgium",1960,69.6691915999,"60-90%",6.4281620749
"Belgium",1961,67.9752310381,"60-90%",4.9635867213
"Belgium",1962,65.6615735,"60-90%",4.6009621371
"Belgium",1963,63.8501042555,"60-90%",6.1846252661
"Belgium",1964,59.3687226097,"30-60%",7.1510436597
"Belgium",1965,57.6987047295,"30-60%",3.4424740643
"Belgium",1966,55.3326048983,"30-60%",3.7586734639
"Belgium",1967,54.0767715013,"30-60%",3.3451107386
"Belgium",1968,54.7940206191,"30-60%",5.2039910148
"Belgium",1969,52.2178640694,"30-60%",7.5291207136
"Belgium",1970,48.3278922389,"30-60%",5.0911776525
"Belgium",1971,45.4831628029,"30-60%",4.9097583669
"Belgium",1972,44.8098054272,"30-60%",6.3275475429
"Belgium",1973,42.1708778814,"30-60%",7.4020976038
"Belgium",1974,38.6826658138,"30-60%",3.1286926611
"Belgium",1975,39.6338031655,"30-60%",-2.8967024525
"Belgium",1976,39.3842310848,"30-60%",5.7150625117
"Belgium",1977,42.2090393643,"30-60%",1.1166266469
"Belgium",1978,45.5343037365,"30-60%",3.0823595623
"Belgium",1979,49.2330833621,"30-60%",2.9432527621
"Belgium",1980,55.2451454929,"30-60%",4.0078409278
"Belgium",1981,65.4015056462,"60-90%",0.1460659569
"Belgium",1982,76.4467147156,"60-90%",0.5807106818
"Belgium",1983,86.8510871,"60-90%",0.397437068
"Belgium",1984,92.5559855024,"Above 90%",2.1018225781
"Belgium",1985,100.1315043273,"Above 90%",1.8474080749
"Belgium",1986,105.4409859874,"Above 90%",1.8535094759
"Belgium",1987,109.7642996094,"Above 90%",2.3733402023
"Belgium",1988,111.2972541935,"Above 90%",4.5655927771
"Belgium",1989,109.3490070701,"Above 90%",3.6179368135
"Belgium",1990,109.8298224634,"Above 90%",3.0899950822
"Belgium",1991,112.5197643504,"Above 90%",1.8003692612
"Belgium",1992,114.8151252522,"Above 90%",1.3316035648
"Belgium",1993,121.6922227873,"Above 90%",-0.692377849
"Belgium",1994,118.7448690584,"Above 90%",3.2915671378
"Belgium",1995,117.0272318797,"Above 90%",4.2774252797
"Belgium",1996,112.8401239658,"Above 90%",0.8902873018
"Belgium",1997,109.8904626067,"Above 90%",3.6872448231
"Belgium",1998,105.3419324496,"Above 90%",1.7300362768
"Belgium",1999,103.6402506636,"Above 90%",3.3797889748
"Belgium",2000,99.7247312853,"Above 90%",3.7958010406
"Belgium",2001,99.332156528,"Above 90%",0.7652614088
"Belgium",2002,98.1865130079,"Above 90%",1.4948946755
"Belgium",2003,95.7344815788,"Above 90%",1.013224013
"Belgium",2004,93.3498039786,"Above 90%",2.7825095522
"Belgium",2005,91.8412530566,"Above 90%",2.1703675825
"Belgium",2006,87.3893909405,"60-90%",3.0151354565
"Belgium",2007,85.3413834495,"60-90%",2.5987835748
"Belgium",2008,90.3730581699,"Above 90%",0.969158147
"Belgium",2009,96.6109967027,"Above 90%",-3.1823604576
"Canada",1946,135.9134067604,"Above 90%",-1.0260457774
"Canada",1947,117.0304232804,"Above 90%",4.4258373206
"Canada",1948,105.1826470048,"Above 90%",1.8327605956
"Canada",1949,124.0169876254,"Above 90%",2.174728159
"Canada",1950,110.9666290719,"Above 90%",7.3759197697
"Canada",1951,89.0913935518,"60-90%",5.6732312752
"Canada",1952,81.1257958711,"60-90%",7.2767691738
"Canada",1953,82.6012468472,"60-90%",4.6729294743
"Canada",1954,77.0121496557,"60-90%",-0.691259445
"Canada",1955,72.3329763572,"60-90%",9.3388155162
"Canada",1956,68.0868108659,"60-90%",8.0899166622
"Canada",1957,61.4127461707,"60-90%",2.8956579188
"Canada",1958,61.7317766289,"60-90%",1.7889099876
"Canada",1959,63.6604431811,"60-90%",4.0537910764
"Canada",1960,61.7066973199,"60-90%",3.1071442391
"Canada",1961,53.1634603134,"30-60%",2.9509632224
"Canada",1962,53.8479725736,"30-60%",7.0061604637
"Canada",1963,53.6431528,"30-60%",5.0593311758
"Canada",1964,52.076131442,"30-60%",6.5158532433
"Canada",1965,48.072651716,"30-60%",6.6489766512
"Canada",1966,50.8310579267,"30-60%",6.483732392
"Canada",1967,49.9899497487,"30-60%",3.044694235
"Canada",1968,50.208627451,"30-60%",5.227035253
"Canada",1969,49.4900458094,"30-60%",5.2714634759
"Canada",1970,44.8439475694,"30-60%",2.5835919796
"Canada",1971,44.8123000954,"30-60%",5.5689093393
"Canada",1972,44.4708655976,"30-60%",5.2838153339
"Canada",1973,41.3144154776,"30-60%",7.1613448032
"Canada",1974,37.8146920527,"30-60%",4.0848751986
"Canada",1975,37.070785867,"30-60%",2.2592697459
"Canada",1976,36.2769391186,"30-60%",5.4768877024
"Canada",1977,36.4090595827,"30-60%",3.3606587781
"Canada",1978,34.1403254223,"30-60%",4.0439481566
"Canada",1979,37.7637566843,"30-60%",4.1568716934
"Canada",1980,35.1483009107,"30-60%",1.338135984
"Canada",1981,35.3812214718,"30-60%",1.547505313
"Canada",1982,36.2000075153,"30-60%",0.1249935199
"Canada",1983,39.0306105192,"30-60%",3.8668937136
"Canada",1984,41.9736251043,"30-60%",5.8941036808
"Canada",1985,45.3476626988,"30-60%",5.3540295135
"Canada",1986,49.7531060987,"30-60%",4.0375523146
"Canada",1987,51.0987096764,"30-60%",1.7800135205
"Canada",1988,53.6587161253,"30-60%",-0.1728488253
"Canada",1989,54.6146648826,"30-60%",0.997558549
"Canada",1990,55.2232461174,"30-60%",1.927514003
"Canada",1991,57.3084345395,"30-60%",3.1046289615
"Canada",1992,59.7134880361,"30-60%",3.5231049815
"Canada",1993,61.3573709556,"60-90%",2.7866370789
"Canada",1994,63.4501812687,"60-90%",5.0513843416
"Canada",1995,63.1602322148,"60-90%",4.186349074
"Canada",1996,61.4661322956,"60-90%",5.0997663359
"Canada",1997,58.1786665237,"30-60%",5.392640347
"Canada",1998,56.6246623873,"30-60%",2.6827834908
"Canada",1999,52.2713091428,"30-60%",2.0257705901
"Canada",2000,43.7614431152,"30-60%",3.2535679946
"Canada",2001,41.9613635328,"30-60%",1.9901541356
"Canada",2002,41.8013326285,"30-60%",1.50205563
"Canada",2003,39.5047150574,"30-60%",1.0135240342
"Canada",2004,36.0766247476,"30-60%",3.8641263642
"Canada",2005,32.184332792,"30-60%",2.7392074429
"Canada",2006,28.6955736559,"0-30%",2.280888542
"Canada",2007,27.1732590872,"0-30%",3.1340917857
"Canada",2008,23.3247786777,"0-30%",2.1321302984
"Canada",2009,30.2371908536,"30-60%",-1.9066760919
"Denmark",1946,,,15.6036446469
"Denmark",1947,,,5.6157635468
"Denmark",1948,,,2.7052238806
"Denmark",1949,,,6.9028156222
"Denmark",1950,46.3390207715,"30-60%",7.9458545283
"Denmark",1951,41.0852746683,"30-60%",0.6677008161
"Denmark",1952,38.7250769979,"30-60%",0.9781589173
"Denmark",1953,36.1387711864,"30-60%",5.6893577495
"Denmark",1954,29.3954159899,"0-30%",1.942936062
"Denmark",1955,29.8409405256,"0-30%",1.0776525648
"Denmark",1956,28.6074557858,"0-30%",1.2093334958
"Denmark",1957,27.0854882872,"0-30%",7.5876598947
"Denmark",1958,26.1473500291,"0-30%",2.2520002238
"Denmark",1959,23.1199453839,"0-30%",7.4389209598
"Denmark",1960,19.9259549846,"0-30%",2.7934810288
"Denmark",1961,16.4043318134,"0-30%",6.3393365868
"Denmark",1962,15.0816354331,"0-30%",5.518799795
"Denmark",1963,13.4740798055,"0-30%",0.6270007727
"Denmark",1964,10.7544037777,"0-30%",9.3551855021
"Denmark",1965,7.8665710187,"0-30%",4.5623257027
"Denmark",1966,6.0962160106,"0-30%",2.7284763129
"Denmark",1967,5.819734389,"0-30%",3.3620351519
"Denmark",1968,5.2929998141,"0-30%",4.1092177307
"Denmark",1969,4.7524142554,"0-30%",6.3700900838
"Denmark",1970,4.8066610448,"0-30%",2.0250314116
"Denmark",1971,5.0172268473,"0-30%",2.6661761883
"Denmark",1972,5.2844717138,"0-30%",5.2764406225
"Denmark",1973,4.9619713171,"0-30%",3.6313593181
"Denmark",1974,4.5608446528,"0-30%",-0.9324308887
"Denmark",1975,4.3378801241,"0-30%",-0.6601421179
"Denmark",1976,,,6.4726280814
"Denmark",1977,,,1.6230138181
"Denmark",1978,,,1.4764056696
"Denmark",1979,,,3.5441499062
"Denmark",1980,34.973,"30-60%",-0.441574353
"Denmark",1981,45.433,"30-60%",-0.8869038202
"Denmark",1982,58.548,"30-60%",3.7139827441
"Denmark",1983,70.274,"60-90%",2.6518572426
"Denmark",1984,72.979,"60-90%",4.165577099
"Denmark",1985,70.83,"60-90%",4.0244344649
"Denmark",1986,67.731,"60-90%",4.9492408926
"Denmark",1987,64.852,"60-90%",0.2899368312
"Denmark",1988,62.68,"60-90%",-0.1426641096
"Denmark",1989,61.198,"60-90%",0.5729004027
"Denmark",1990,62.5231963914,"60-90%",1.607443635
"Denmark",1991,63.4404703767,"60-90%",1.3004028433
"Denmark",1992,67.9575775291,"60-90%",1.9754456804
"Denmark",1993,79.819348131,"60-90%",-0.0896134441
"Denmark",1994,76.8006387258,"60-90%",5.5254103468
"Denmark",1995,75.524256037,"60-90%",3.0652233313
"Denmark",1996,73.7360798137,"60-90%",2.8345663724
"Denmark",1997,69.054049252,"60-90%",3.1985078475
"Denmark",1998,63.9985562297,"60-90%",2.1603908504
"Denmark",1999,60.8667705011,"60-90%",2.5604415352
"Denmark",2000,54.9630591363,"30-60%",3.5287152161
"Denmark",2001,52.0211738457,"30-60%",0.7048882349
"Denmark",2002,51.6193889593,"30-60%",0.4658176558
"Denmark",2003,49.6112630204,"30-60%",0.3837589896
"Denmark",2004,46.9587635897,"30-60%",2.2964908129
"Denmark",2005,39.2917696698,"30-60%",2.4451801937
"Denmark",2006,32.8030921695,"30-60%",3.3439560974
"Denmark",2007,27.8858219434,"0-30%",1.6465430325
"Denmark",2008,32.4331133082,"30-60%",-1.2018220526
"Denmark",2009,37.7215008422,"30-60%",-2.4330229555
"Finland",1946,70.6218911106,"60-90%",8.1321239686
"Finland",1947,52.5480215086,"30-60%",2.3245278927
"Finland",1948,39.0101447141,"30-60%",7.9287138046
"Finland",1949,26.6428356663,"0-30%",6.0668387105
"Finland",1950,25.4752672148,"0-30%",3.8445820973
"Finland",1951,19.167778218,"0-30%",8.5039000645
"Finland",1952,13.1233409815,"0-30%",3.351170207
"Finland",1953,18.3102996469,"0-30%",0.7008001674
"Finland",1954,18.9462011474,"0-30%",8.7561672293
"Finland",1955,17.0404895495,"0-30%",5.0952676567
"Finland",1956,16.5914762117,"0-30%",3.0216284987
"Finland",1957,16.8892077962,"0-30%",4.7016274864
"Finland",1958,16.0643620534,"0-30%",0.5391971018
"Finland",1959,15.0504656076,"0-30%",5.9412578037
"Finland",1960,12.7940491025,"0-30%",9.1477160372
"Finland",1961,10.1285688417,"0-30%",7.6201173998
"Finland",1962,11.5164884892,"0-30%",3.1177401434
"Finland",1963,13.4411370893,"0-30%",3.2944787279
"Finland",1964,13.6303825037,"0-30%",5.054368441
"Finland",1965,14.2290858039,"0-30%",5.3166842184
"Finland",1966,15.1837113163,"0-30%",2.4027198446
"Finland",1967,15.8295227208,"0-30%",2.1119883938
"Finland",1968,15.6878140704,"0-30%",2.3005464481
"Finland",1969,12.0849716033,"0-30%",9.6308957855
"Finland",1970,10.2244510444,"0-30%",7.4693042292
"Finland",1971,8.8901257932,"0-30%",2.0900394433
"Finland",1972,7.3411674787,"0-30%",7.6316724398
"Finland",1973,4.9436511544,"0-30%",6.7068264807
"Finland",1974,3.279109589,"0-30%",3.0295414121
"Finland",1975,3.6825527323,"0-30%",1.1521645306
"Finland",1976,4.260871415,"0-30%",-0.4248214451
"Finland",1977,5.6852494266,"0-30%",0.2459199642
"Finland",1978,8.3527014738,"0-30%",2.0926256319
"Finland",1979,8.9759448192,"0-30%",6.9574398369
"Finland",1980,9.2114976322,"0-30%",5.333923344
"Finland",1981,10.0085949516,"0-30%",1.2693882616
"Finland",1982,12.206965049,"0-30%",3.0240280347
"Finland",1983,13.7862765916,"0-30%",2.9471580975
"Finland",1984,14.3038239004,"0-30%",3.0441664067
"Finland",1985,13.9456033229,"0-30%",3.280489719
"Finland",1986,14.454050911,"0-30%",2.6259227095
"Finland",1987,14.980280252,"0-30%",3.5583198468
"Finland",1988,13.0988493152,"0-30%",5.1009672839
"Finland",1989,10.7089186194,"0-30%",5.4151238617
"Finland",1990,10.3190258131,"0-30%",0.0820510929
"Finland",1991,16.9008721726,"0-30%",-6.2436669799
"Finland",1992,33.9589110468,"30-60%",-3.7355079583
"Finland",1993,51.7915881458,"30-60%",-0.9206148319
"Finland",1994,58.8485874837,"30-60%",3.5734888129
"Finland",1995,62.683488472,"60-90%",3.9236162912
"Finland",1996,66.6146411367,"60-90%",3.6998755862
"Finland",1997,64.8564554762,"60-90%",6.1999335524
"Finland",1998,59.6243091884,"30-60%",5.2253332638
"Finland",1999,55.4688746841,"30-60%",3.9211476046
"Finland",2000,47.8342874321,"30-60%",5.0566217666
"Finland",2001,44.1808536376,"30-60%",2.7050333591
"Finland",2002,41.2028308841,"30-60%",1.5732025277
"Finland",2003,43.4308297847,"30-60%",1.8106011167
"Finland",2004,41.9241301275,"30-60%",3.6963969033
"Finland",2005,38.2275345589,"30-60%",2.7679141741
"Finland",2006,35.264581361,"30-60%",4.9229082986
"Finland",2007,31.2081253784,"30-60%",4.2027351538
"Finland",2008,29.4389589017,"0-30%",1.0410108136
"Finland",2009,33.4194776931,"30-60%",-6.3559475843
"France",1946,,,
"France",1947,,,
"France",1948,,,
"France",1949,28.5992531303,"0-30%",
"France",1950,27.4198898693,"0-30%",7.4940047962
"France",1951,22.8435917932,"0-30%",6.1349693252
"France",1952,23.4974918001,"0-30%",2.6274303731
"France",1953,25.781658973,"0-30%",2.9185867896
"France",1954,24.7686302031,"0-30%",4.8258706468
"France",1955,23.7004695609,"0-30%",5.790223066
"France",1956,23.1956885879,"0-30%",5.024674742
"France",1957,24.0700218818,"0-30%",6.0230670654
"France",1958,27.2948265827,"0-30%",2.5382755842
"France",1959,27.1464564894,"0-30%",2.8290766208
"France",1960,22.0902655938,"0-30%",7.0691631639
"France",1961,19.3084469359,"0-30%",5.4960742327
"France",1962,20.3955550301,"0-30%",6.6305818674
"France",1963,19.6609798296,"0-30%",5.4885786802
"France",1964,17.4770532841,"0-30%",6.4962406015
"France",1965,15.2158415132,"0-30%",4.6879412595
"France",1966,14.668951236,"0-30%",5.3142702994
"France",1967,15.1809045226,"0-30%",4.5850409836
"France",1968,15.2721568627,"0-30%",4.3595395542
"France",1969,14.5286525109,"0-30%",6.9467261206
"France",1970,12.3710204439,"0-30%",5.793285056
"France",1971,10.7705515964,"0-30%",5.3723293922
"France",1972,8.757900941,"0-30%",5.8858267717
"France",1973,,,5.3727458635
"France",1974,,,3.2286520819
"France",1975,,,0.1880020509
"France",1976,,,5.1518253156
"France",1977,,,3.0661907852
"France",1978,,,3.7934833937
"France",1979,31.1153032427,"30-60%",3.3060357901
"France",1980,29.5203655568,"0-30%",1.0716382854
"France",1981,30.5132376457,"30-60%",1.547505313
"France",1982,36.4492653782,"30-60%",0.1249935199
"France",1983,38.3336151982,"30-60%",3.8668937136
"France",1984,40.3885644613,"30-60%",5.8941036808
"France",1985,41.2177426362,"30-60%",5.3540295135
"France",1986,43.6684282344,"30-60%",4.0375523146
"France",1987,45.1460745231,"30-60%",1.7800135205
"France",1988,46.4365186106,"30-60%",-0.1728488253
"France",1989,47.9036924505,"30-60%",0.997558549
"France",1990,49.3823807034,"30-60%",1.927514003
"France",1991,49.643753537,"30-60%",3.1046289615
"France",1992,55.1978267032,"30-60%",3.5231049815
"France",1993,61.4817898668,"60-90%",2.7866370789
"France",1994,64.8607314925,"60-90%",5.0513843416
"France",1995,70.2537636323,"60-90%",4.186349074
"France",1996,68.9067657964,"60-90%",5.0997663359
"France",1997,67.1295055308,"60-90%",5.392640347
"France",1998,68.978217405,"60-90%",2.6827834908
"France",1999,64.8565416831,"60-90%",2.0257705901
"France",2000,55.7910939483,"30-60%",3.2535679946
"France",2001,55.4106019299,"30-60%",1.9901541356
"France",2002,59.4461956132,"30-60%",1.50205563
"France",2003,62.9552712648,"60-90%",1.0135240342
"France",2004,61.7828621259,"60-90%",3.8641263642
"France",2005,58.8676685237,"30-60%",2.7392074429
"France",2006,53.2467111508,"30-60%",2.280888542
"France",2007,53.0848312115,"30-60%",3.1340917857
"France",2008,51.5673070886,"30-60%",2.1321302984
"France",2009,60.0015126432,"60-90%",-1.9066760919
"Germany",1946,,,-52.5945836929
"Germany",1947,,,12.2959108947
"Germany",1948,,,18.4360074778
"Germany",1949,,,17.0340071842
"Germany",1950,,,18.8979200459
"Germany",1951,6.055705948,"0-30%",9.1669995553
"Germany",1952,6.3045107341,"0-30%",8.669941556
"Germany",1953,7.3177319289,"0-30%",8.3724594497
"Germany",1954,11.2503461645,"0-30%",7.4553715374
"Germany",1955,11.1421697591,"0-30%",11.0037535735
"Germany",1956,10.0248557453,"0-30%",7.1669754892
"Germany",1957,9.1284086924,"0-30%",5.7293744812
"Germany",1958,9.3054182066,"0-30%",4.4522427132
"Germany",1959,8.9043369589,"0-30%",7.3135533919
"Germany",1960,8.6638416508,"0-30%",8.0610114527
"Germany",1961,9.437056016,"0-30%",4.1192016932
"Germany",1962,8.3480553639,"0-30%",4.2657875413
"Germany",1963,8.3792103616,"0-30%",2.8187737922
"Germany",1964,8.1531753357,"0-30%",6.0782954914
"Germany",1965,7.6406291951,"0-30%",5.0697669495
"Germany",1966,7.8201101954,"0-30%",2.9641708813
"Germany",1967,9.3794374237,"0-30%",0.3098995936
"Germany",1968,9.4932544746,"0-30%",5.2748707515
"Germany",1969,8.4111170749,"0-30%",6.6114422546
"Germany",1970,6.7665040302,"0-30%",4.6799766579
"Germany",1971,6.3711804773,"0-30%",2.943175389
"Germany",1972,6.3936538288,"0-30%",4.1273531916
"Germany",1973,6.007986919,"0-30%",4.5384784766
"Germany",1974,6.7487645959,"0-30%",0.8273044334
"Germany",1975,9.9453910916,"0-30%",-0.5446313188
"Germany",1976,10.7298562015,"0-30%",4.8289867984
"Germany",1977,11.8767476375,"0-30%",2.8775631034
"Germany",1978,13.2706983863,"0-30%",2.8084290063
"Germany",1979,13.968567739,"0-30%",4.0185490535
"Germany",1980,14.9140255885,"0-30%",1.1425799573
"Germany",1981,16.6507727472,"0-30%",0.1102993306
"Germany",1982,18.3327817224,"0-30%",-0.7881663968
"Germany",1983,19.4485322481,"0-30%",1.5546680993
"Germany",1984,19.8407853936,"0-30%",2.8260872782
"Germany",1985,20.3776736681,"0-30%",2.1922846948
"Germany",1986,20.3831727942,"0-30%",2.4173191922
"Germany",1987,21.1429908357,"0-30%",1.4693558223
"Germany",1988,21.6240219114,"0-30%",3.7356127147
"Germany",1989,20.8884834828,"0-30%",3.9130241684
"Germany",1990,21.2141017144,"0-30%",5.7234299851
"Germany",1991,19.5229811097,"0-30%",5.0114026577
"Germany",1992,18.8385837029,"0-30%",2.3058166545
"Germany",1993,20.6802503963,"0-30%",-0.7887828374
"Germany",1994,20.4573449197,"0-30%",2.6260657707
"Germany",1995,20.8661536597,"0-30%",1.8394327999
"Germany",1996,22.7057056987,"0-30%",0.9515631413
"Germany",1997,23.9979461057,"0-30%",1.7119998055
"Germany",1998,24.8297988522,"0-30%",1.9773666262
"Germany",1999,35.203777336,"30-60%",1.9316856072
"Germany",2000,34.6957525291,"30-60%",3.2242838078
"Germany",2001,32.9979886512,"30-60%",1.1507944197
"Germany",2002,33.5669081238,"30-60%",0.0062734746
"Germany",2003,35.479891256,"30-60%",-0.2311462787
"Germany",2004,36.7327262587,"30-60%",1.1762159215
"Germany",2005,39.508450669,"30-60%",0.7320797716
"Germany",2006,39.582635419,"30-60%",3.1758986418
"Germany",2007,38.7113087884,"30-60%",2.5164822926
"Germany",2008,38.7129177017,"30-60%",1.2481032677
"Germany",2009,43.7187693666,"30-60%",-5.2968337731
"Greece",1946,,,49.8033503277
"Greece",1947,,,29.0548424737
"Greece",1948,,,5.0030138638
"Greece",1949,,,5.3315154994
"Greece",1950,,,-1.2943661012
"Greece",1951,,,8.8066809304
"Greece",1952,,,0.7167776721
"Greece",1953,,,13.6981987656
"Greece",1954,,,3.1130560018
"Greece",1955,,,7.5584206285
"Greece",1956,,,8.5356108281
"Greece",1957,,,6.5160369978
"Greece",1958,,,4.6269494967
"Greece",1959,,,3.6708233545
"Greece",1960,,,4.3334528219
"Greece",1961,,,8.768849017
"Greece",1962,,,3.7554401235
"Greece",1963,,,10.1650767878
"Greece",1964,,,8.2169066847
"Greece",1965,,,9.3919359873
"Greece",1966,,,6.1058802168
"Greece",1967,,,5.4880582785
"Greece",1968,,,6.6624953652
"Greece",1969,,,9.9028830904
"Greece",1970,18.8221009687,"0-30%",7.95492735
"Greece",1971,19.0047897818,"0-30%",7.1178743431
"Greece",1972,20.1204135163,"0-30%",12.4435858862
"Greece",1973,16.555721548,"0-30%",3.9224629418
"Greece",1974,17.4779943667,"0-30%",-3.6383585692
"Greece",1975,18.1763215075,"0-30%",6.0499787454
"Greece",1976,20.8043602173,"0-30%",6.3604999069
"Greece",1977,23.2328527741,"0-30%",3.4281791752
"Greece",1978,23.6519871106,"0-30%",6.696771339
"Greece",1979,23.1332948644,"0-30%",3.6907390016
"Greece",1980,24.592685154,"0-30%",0.677
"Greece",1981,28.7738879075,"0-30%",-1.554
"Greece",1982,29.6342415296,"0-30%",-1.133
"Greece",1983,33.959588134,"30-60%",-1.079
"Greece",1984,40.5032480405,"30-60%",2.011
"Greece",1985,47.1326280471,"30-60%",2.51
"Greece",1986,47.6600399477,"30-60%",0.518
"Greece",1987,52.987777653,"30-60%",-2.259
"Greece",1988,62.6631447627,"60-90%",4.288
"Greece",1989,65.8402954658,"60-90%",3.8
"Greece",1990,89.0668403891,"60-90%",0
"Greece",1991,91.1247685911,"Above 90%",3.1
"Greece",1992,97.6096436976,"Above 90%",0.7
"Greece",1993,97.608,"Above 90%",-1.6
"Greece",1994,103.197,"Above 90%",2
"Greece",1995,104.806,"Above 90%",2.1
"Greece",1996,108.105,"Above 90%",2.358
"Greece",1997,105.22,"Above 90%",3.638
"Greece",1998,103.746,"Above 90%",3.364
"Greece",1999,103.561,"Above 90%",3.42
"Greece",2000,108.926,"Above 90%",4.477
"Greece",2001,109.684,"Above 90%",4.197
"Greece",2002,109.199,"Above 90%",3.439
"Greece",2003,106.407,"Above 90%",5.582
"Greece",2004,108.282,"Above 90%",4.916
"Greece",2005,108.991,"Above 90%",2.898
"Greece",2006,106.103,"Above 90%",4.497
"Greece",2007,105.03,"Above 90%",4.036
"Greece",2008,107.872,"Above 90%",2.933
"Greece",2009,100,"Above 90%",-0.753
"Ireland",1946,,,1.2679533214
"Ireland",1947,20.590530728,"0-30%",1.8947368421
"Ireland",1948,21.0170885097,"0-30%",4.8608090474
"Ireland",1949,27.5432299601,"0-30%",5.2369594525
"Ireland",1950,37.6844792873,"30-60%",0.8178951518
"Ireland",1951,45.6064146326,"30-60%",2.5119734141
"Ireland",1952,47.4288654525,"30-60%",2.5266971777
"Ireland",1953,49.2227567919,"30-60%",2.6969217893
"Ireland",1954,55.9834263755,"30-60%",0.8964955175
"Ireland",1955,63.8198680453,"60-90%",2.6027643152
"Ireland",1956,67.3144506145,"60-90%",-1.3033589923
"Ireland",1957,70.1491638048,"60-90%",-0.1506691483
"Ireland",1958,72.7942308146,"60-90%",-2.0592934493
"Ireland",1959,70.3366964551,"60-90%",4.0511147363
"Ireland",1960,73.639081134,"60-90%",5.6266875708
"Ireland",1961,73.660388547,"60-90%",4.7744701905
"Ireland",1962,73.5131248214,"60-90%",3.2583031639
"Ireland",1963,74.4750652901,"60-90%",4.7332317073
"Ireland",1964,70.8895015358,"60-90%",3.915290008
"Ireland",1965,73.4183639531,"60-90%",1.7438195952
"Ireland",1966,78.0546382468,"60-90%",0.8535242291
"Ireland",1967,76.9729581657,"60-90%",5.9309309309
"Ireland",1968,66.1047656159,"60-90%",8.2662199601
"Ireland",1969,63.5856733427,"60-90%",6.0164246608
"Ireland",1970,62.2374887343,"60-90%",2.6606792029
"Ireland",1971,59.6729463517,"30-60%",3.4665646017
"Ireland",1972,55.8825537342,"30-60%",6.4894572742
"Ireland",1973,52.0617641839,"30-60%",4.7243312987
"Ireland",1974,65.4591739874,"60-90%",4.2600578117
"Ireland",1975,72.3595163045,"60-90%",5.6540314517
"Ireland",1976,77.6392916087,"60-90%",1.398089994
"Ireland",1977,74.1439815636,"60-90%",8.209240168
"Ireland",1978,76.4719183367,"60-90%",7.1904649886
"Ireland",1979,82.606185357,"60-90%",3.0724213606
"Ireland",1980,84.3512099679,"60-90%",2.9
"Ireland",1981,89.75275871,"60-90%",2.5
"Ireland",1982,87.201731911,"60-90%",1.5
"Ireland",1983,96.4919028905,"Above 90%",-0.7
"Ireland",1984,101.6041264623,"Above 90%",3.2
"Ireland",1985,102.9631760695,"Above 90%",1.9
"Ireland",1986,109.6785713158,"Above 90%",0.4
"Ireland",1987,112.43013289,"Above 90%",3.6
"Ireland",1988,108.3342491189,"Above 90%",3
"Ireland",1989,97.6786350907,"Above 90%",5.6
"Ireland",1990,87.7093696652,"60-90%",7.7
"Ireland",1991,85.5213568914,"60-90%",1.6
"Ireland",1992,83.5548723956,"60-90%",3.6
"Ireland",1993,83.2707730988,"60-90%",2.3
"Ireland",1994,79.8014970554,"60-90%",5.9
"Ireland",1995,72.9536573294,"60-90%",9.6
"Ireland",1996,65.5486447105,"60-90%",8.1
"Ireland",1997,58.165691494,"30-60%",11.5
"Ireland",1998,48.7628763373,"30-60%",8.4
"Ireland",1999,43.9785064844,"30-60%",10.7
"Ireland",2000,34.829654211,"30-60%",9.4
"Ireland",2001,30.9440061611,"30-60%",5.7
"Ireland",2002,27.914467388,"0-30%",6.5
"Ireland",2003,26.9106308189,"0-30%",4.4
"Ireland",2004,25.3833519283,"0-30%",4.6
"Ireland",2005,23.5559104674,"0-30%",6.2
"Ireland",2006,20.3197610884,"0-30%",5.4
"Ireland",2007,19.7938425893,"0-30%",6
"Ireland",2008,27.7191815576,"0-30%",-3
"Ireland",2009,44.3713662791,"30-60%",-7.5
"Italy",1951,26.5700708163,"0-30%",7.4655819395
"Italy",1952,26.8738115817,"0-30%",7.4851076312
"Italy",1953,26.7213755373,"0-30%",7.2147201915
"Italy",1954,28.6489658207,"0-30%",5.1867951128
"Italy",1955,28.3222458755,"0-30%",5.8194188492
"Italy",1956,27.9645476773,"0-30%",4.5340803645
"Italy",1957,27.5308852832,"0-30%",5.9036849124
"Italy",1958,27.0056197646,"0-30%",5.3469562868
"Italy",1959,26.6992860352,"0-30%",6.2275634257
"Italy",1960,24.6977205154,"0-30%",5.4219454966
"Italy",1961,21.7431228206,"0-30%",8.4217508864
"Italy",1962,20.759707566,"0-30%",7.7970881264
"Italy",1963,18.2679512269,"0-30%",7.1230603461
"Italy",1964,17.9521452145,"0-30%",3.9026738601
"Italy",1965,17.8626929762,"0-30%",2.248578299
"Italy",1966,16.6599713776,"0-30%",5.2197357096
"Italy",1967,14.2633451957,"0-30%",7.1198804732
"Italy",1968,16.0459770115,"0-30%",8.3619326553
"Italy",1969,15.9934235977,"0-30%",5.7183778204
"Italy",1970,14.4022663563,"0-30%",2.245853846
"Italy",1971,16.3769757385,"0-30%",1.894321446
"Italy",1972,18.6433600776,"0-30%",2.9259388203
"Italy",1973,20.1985997393,"0-30%",6.5419347525
"Italy",1974,22.6748078607,"0-30%",4.6896156427
"Italy",1975,27.6369806502,"0-30%",-2.1464166284
"Italy",1976,29.9921724126,"0-30%",6.4982427221
"Italy",1977,32.7933728056,"30-60%",2.8897169742
"Italy",1978,46.6471860347,"30-60%",3.7281305228
"Italy",1979,45.7606465692,"30-60%",5.6728578293
"Italy",1980,45.625604845,"30-60%",-1.414
"Italy",1981,52.8589272084,"30-60%",0.781
"Italy",1982,58.4786750427,"30-60%",0.668
"Italy",1983,64.3068582426,"60-90%",0.913
"Italy",1984,66.4556456169,"60-90%",3.226
"Italy",1985,61.9725457141,"60-90%",2.798
"Italy",1986,67.1018992979,"60-90%",2.86
"Italy",1987,70.815581841,"60-90%",3.192
"Italy",1988,73.7074960653,"60-90%",4.194
"Italy",1989,76.6745765827,"60-90%",3.388
"Italy",1990,78.9842750392,"60-90%",2.053
"Italy",1991,81.9491201888,"60-90%",1.534
"Italy",1992,85.4432635479,"60-90%",0.773
"Italy",1993,95.1402305432,"Above 90%",-0.888
"Italy",1994,104.8011156354,"Above 90%",2.152
"Italy",1995,104.2886659761,"Above 90%",2.827
"Italy",1996,103.7758672141,"Above 90%",1.095
"Italy",1997,101.1508346875,"Above 90%",1.872
"Italy",1998,99.7436552667,"Above 90%",1.401
"Italy",1999,97.8009741902,"Above 90%",1.464
"Italy",2000,95.1171225631,"Above 90%",3.693
"Italy",2001,91.7101669803,"Above 90%",1.818
"Italy",2002,88.241933865,"60-90%",0.454
"Italy",2003,86.6571086232,"60-90%",-0.017
"Italy",2004,85.103734738,"60-90%",1.532
"Italy",2005,84.8582372611,"60-90%",0.656
"Italy",2006,84.6211777458,"60-90%",2.036
"Italy",2007,83.4073997359,"60-90%",1.564
"Italy",2008,86.2595723299,"60-90%",-1.04
"Italy",2009,97.1351182065,"Above 90%",-5.145
"Japan",1946,,,
"Japan",1947,,,
"Japan",1948,,,
"Japan",1949,,,
"Japan",1950,,,
"Japan",1951,,,
"Japan",1952,,,
"Japan",1953,,,
"Japan",1954,11.9627805566,"0-30%",
"Japan",1955,12.6317223251,"0-30%",
"Japan",1956,10.6158752733,"0-30%",6.2015266591
"Japan",1957,8.9358371016,"0-30%",7.3282462
"Japan",1958,9.320835825,"0-30%",6.3953595711
"Japan",1959,9.4991850072,"0-30%",8.3429692812
"Japan",1960,8.3716934109,"0-30%",11.2621178279
"Japan",1961,6.3245468415,"0-30%",9.9976967752
"Japan",1962,5.8364057295,"0-30%",6.7162536598
"Japan",1963,4.7169018683,"0-30%",7.7137467726
"Japan",1964,4.5672059117,"0-30%",9.2344347063
"Japan",1965,5.3750471612,"0-30%",5.1218957562
"Japan",1966,6.9747812418,"0-30%",9.7017757175
"Japan",1967,8.5364728764,"0-30%",10.464421722
"Japan",1968,9.0341539106,"0-30%",10.5278072814
"Japan",1969,8.8051725163,"0-30%",11.7832236773
"Japan",1970,8.4891342138,"0-30%",10.1336996745
"Japan",1971,9.4244169549,"0-30%",4.7312761316
"Japan",1972,12.6677493441,"0-30%",8.5931151321
"Japan",1973,11.6930896549,"0-30%",8.1977061899
"Japan",1974,11.7021416227,"0-30%",-1.5930558171
"Japan",1975,15.3682114517,"0-30%",2.8380681113
"Japan",1976,19.6177976023,"0-30%",4.0002317601
"Japan",1977,24.8342653349,"0-30%",3.5895046409
"Japan",1978,30.4983640242,"30-60%",4.222946545
"Japan",1979,35.0056430464,"30-60%",6.8046807566
"Japan",1980,39.0617707156,"30-60%",4.6265988072
"Japan",1981,40.9274460977,"30-60%",4.176843956
"Japan",1982,44.2762554278,"30-60%",3.3766082965
"Japan",1983,48.0581688429,"30-60%",3.0607380357
"Japan",1984,49.2488475,"30-60%",4.4638990159
"Japan",1985,50.2071874079,"30-60%",6.3333568887
"Japan",1986,54.1692574821,"30-60%",2.8310766408
"Japan",1987,55.8154435879,"30-60%",4.1074270638
"Japan",1988,54.0401856496,"30-60%",7.1466937073
"Japan",1989,50.7890586472,"30-60%",5.3701525189
"Japan",1990,49.2301050838,"30-60%",5.5723982995
"Japan",1991,47.965547141,"30-60%",3.3243407748
"Japan",1992,49.8137325908,"30-60%",0.8190298588
"Japan",1993,55.3201551316,"30-60%",0.1710627196
"Japan",1994,59.9567980401,"30-60%",0.8635782438
"Japan",1995,66.1185036913,"60-90%",1.8816560884
"Japan",1996,70.4334254812,"60-90%",2.637287364
"Japan",1997,75.3317328127,"60-90%",1.5635665932
"Japan",1998,86.6714998524,"60-90%",-2.0488679103
"Japan",1999,98.3403298441,"Above 90%",-0.1410107821
"Japan",2000,106.4806457385,"Above 90%",2.8601394312
"Japan",2001,122.0188057542,"Above 90%",0.1843894834
"Japan",2002,130.9136556811,"Above 90%",0.2622570293
"Japan",2003,136.6774221182,"Above 90%",1.4135402737
"Japan",2004,150.7253254884,"Above 90%",2.7442620968
"Japan",2005,162.0745255454,"Above 90%",1.9340925375
"Japan",2006,164.0363643531,"Above 90%",2.0394692473
"Japan",2007,162.4654666008,"Above 90%",2.337316529
"Japan",2008,166.8780832961,"Above 90%",-0.7052493171
"Japan",2009,181.5110111557,"Above 90%",-5.3693645586
"Netherlands",1946,,,68.8064192578
"Netherlands",1947,,,15.7472636724
"Netherlands",1948,,,10.6782136466
"Netherlands",1949,,,8.8134711174
"Netherlands",1950,,,3.5800908687
"Netherlands",1951,,,2.0975561492
"Netherlands",1952,,,2.0156991957
"Netherlands",1953,,,8.6919350242
"Netherlands",1954,,,6.7980539533
"Netherlands",1955,,,7.419632019
"Netherlands",1956,,,3.6757703881
"Netherlands",1957,46.3609805665,"30-60%",2.8118646974
"Netherlands",1958,47.0868910095,"30-60%",-0.2966051221
"Netherlands",1959,44.7822756467,"30-60%",4.8888304799
"Netherlands",1960,41.1218894981,"30-60%",8.4141104644
"Netherlands",1961,38.8891658772,"30-60%",0.288926245
"Netherlands",1962,35.1851851852,"30-60%",6.8493007176
"Netherlands",1963,34.5932094811,"30-60%",3.6208367241
"Netherlands",1964,29.7705489399,"0-30%",8.2887042749
"Netherlands",1965,28.2770500861,"0-30%",5.2330356675
"Netherlands",1966,28.0689181522,"0-30%",2.755843401
"Netherlands",1967,29.3829578844,"0-30%",5.2628601904
"Netherlands",1968,28.9577658347,"0-30%",6.4175884913
"Netherlands",1969,23.9137561954,"0-30%",6.4381397563
"Netherlands",1970,23.3934223201,"0-30%",5.6949414444
"Netherlands",1971,21.1767573662,"0-30%",4.2217306274
"Netherlands",1972,19.1755858073,"0-30%",3.3099748368
"Netherlands",1973,17.1088431333,"0-30%",4.6879745592
"Netherlands",1974,16.650086392,"0-30%",3.9660733485
"Netherlands",1975,17.7387377987,"0-30%",-0.0913751689
"Netherlands",1976,18.6906530047,"0-30%",4.7087559421
"Netherlands",1977,19.3194660802,"0-30%",2.7187045619
"Netherlands",1978,20.6618880154,"0-30%",2.3585482097
"Netherlands",1979,22.6937478725,"0-30%",2.227097262
"Netherlands",1980,26.0700219635,"0-30%",1.2058335483
"Netherlands",1981,30.4992019178,"30-60%",-0.5137497679
"Netherlands",1982,36.5552520373,"30-60%",-1.2830966318
"Netherlands",1983,42.7050170161,"30-60%",1.7579617834
"Netherlands",1984,47.8232795956,"30-60%",3.1191949214
"Netherlands",1985,51.4384170631,"30-60%",2.6563332185
"Netherlands",1986,51.9223937829,"30-60%",3.1247258092
"Netherlands",1987,54.1289568267,"30-60%",1.8507283798
"Netherlands",1988,56.8870867702,"30-60%",2.9804343168
"Netherlands",1989,57.5209643606,"30-60%",4.7845944945
"Netherlands",1990,58.4247888619,"30-60%",4.0646110245
"Netherlands",1991,59.2484028268,"30-60%",2.4050948162
"Netherlands",1992,60.6442703173,"60-90%",1.4895155916
"Netherlands",1993,61.2277761106,"60-90%",0.6513573316
"Netherlands",1994,58.0487414657,"30-60%",2.8643691524
"Netherlands",1995,58.9331752173,"30-60%",3.0331904559
"Netherlands",1996,57.6691529452,"30-60%",3.4060044869
"Netherlands",1997,53.9100097301,"30-60%",4.278435444
"Netherlands",1998,52.0051646508,"30-60%",3.9235208337
"Netherlands",1999,49.1205174615,"30-60%",4.6844857974
"Netherlands",2000,42.9945449325,"30-60%",3.9409320266
"Netherlands",2001,40.2473806817,"30-60%",1.9257823715
"Netherlands",2002,40.4330050256,"30-60%",0.0762894681
"Netherlands",2003,42.520626068,"30-60%",0.3356523289
"Netherlands",2004,43.7514251279,"30-60%",2.2365083632
"Netherlands",2005,42.9483820828,"30-60%",2.0465001418
"Netherlands",2006,39.1695173782,"30-60%",3.3942664055
"Netherlands",2007,37.9837654573,"30-60%",3.6131157489
"Netherlands",2008,50.2951082679,"30-60%",1.9958084258
"Netherlands",2009,50.4754848763,"30-60%",-4.1727161618
"New Zealand",1946,134.014453584,"Above 90%",7.711319822
"New Zealand",1947,120.4297717842,"Above 90%",11.9320789353
"New Zealand",1948,117.205959596,"Above 90%",-9.922099221
"New Zealand",1949,111.486269196,"Above 90%",10.7874374147
"New Zealand",1950,87.6529119318,"60-90%",14.6759487665
"New Zealand",1951,91.7511309116,"Above 90%",-7.6351016361
"New Zealand",1952,85.8316099476,"60-90%",4.347826087
"New Zealand",1953,79.2638461538,"60-90%",3.420781893
"New Zealand",1954,75.2755993607,"60-90%",13.7652325292
"New Zealand",1955,73.8437594745,"60-90%",1.8635916494
"New Zealand",1956,70.7604427334,"60-90%",5.1826814743
"New Zealand",1957,68.0556404494,"60-90%",2.8564141801
"New Zealand",1958,67.3943127962,"60-90%",3.9275973221
"New Zealand",1959,65.7979049154,"60-90%",7.1193396001
"New Zealand",1960,62.8593970971,"60-90%",0
"New Zealand",1961,62.391160618,"60-90%",5.5904494632
"New Zealand",1962,60.2763587863,"60-90%",2.1557543031
"New Zealand",1963,59.0982584785,"30-60%",6.3349163741
"New Zealand",1964,56.3316801337,"30-60%",4.8739756884
"New Zealand",1965,55.1865359814,"30-60%",6.3694267516
"New Zealand",1966,55.8545679624,"30-60%",6.3083136053
"New Zealand",1967,57.6608654076,"30-60%",-4.5651034844
"New Zealand",1968,58.9848737601,"30-60%",-0.1612792533
"New Zealand",1969,54.0802493183,"30-60%",10.3247980753
"New Zealand",1970,49.3332133059,"30-60%",-1.4174896414
"New Zealand",1971,43.7439918534,"30-60%",5.1858172165
"New Zealand",1972,39.982280724,"30-60%",4.2842121076
"New Zealand",1973,37.7758452006,"30-60%",7.1043761344
"New Zealand",1974,36.0475482912,"30-60%",5.9526051053
"New Zealand",1975,35.8159067535,"30-60%",-1.1500380807
"New Zealand",1976,39.3730941068,"30-60%",2.4398387138
"New Zealand",1977,41.9706078824,"30-60%",-4.8712613132
"New Zealand",1978,44.0971812714,"30-60%",0.4032258065
"New Zealand",1979,44.5263955544,"30-60%",2.0395306717
"New Zealand",1980,44.9765135699,"30-60%",1.009
"New Zealand",1981,41.6299164605,"30-60%",2.961
"New Zealand",1982,45.7671368079,"30-60%",2.878
"New Zealand",1983,53.7529779844,"30-60%",-0.124
"New Zealand",1984,55.5914197123,"30-60%",6.858
"New Zealand",1985,62.3647365399,"60-90%",1.213
"New Zealand",1986,57.2912190231,"30-60%",1.81
"New Zealand",1987,67.7775117708,"60-90%",0.754
"New Zealand",1988,57.4385815311,"30-60%",-0.022
"New Zealand",1989,55.2647324845,"30-60%",0.846
"New Zealand",1990,60.6176181102,"60-90%",0.056
"New Zealand",1991,60.2377426785,"60-90%",-1.677
"New Zealand",1992,62.0285463679,"60-90%",0.771
"New Zealand",1993,58.3360979026,"30-60%",5.195
"New Zealand",1994,52.9775556544,"30-60%",5.859
"New Zealand",1995,47.2018839649,"30-60%",4.337
"New Zealand",1996,42.3637978379,"30-60%",4.019
"New Zealand",1997,35.3988919395,"30-60%",2.163
"New Zealand",1998,36.6492247875,"30-60%",-0.048
"New Zealand",1999,33.4844352831,"30-60%",4.329
"New Zealand",2000,31.0950252791,"30-60%",3.83
"New Zealand",2001,29.4927954815,"0-30%",2.614
"New Zealand",2002,27.6338488314,"0-30%",4.926
"New Zealand",2003,25.7871343023,"0-30%",4.135
"New Zealand",2004,23.6931962173,"0-30%",4.536
"New Zealand",2005,22.2712973849,"0-30%",2.813
"New Zealand",2006,21.3481590291,"0-30%",1.954
"New Zealand",2007,17.5250704668,"0-30%",3.193
"New Zealand",2008,17.738616657,"0-30%",0.194
"New Zealand",2009,24.2546978233,"0-30%",-2.175
"Norway",1946,64.9935052886,"60-90%",10.2012700698
"Norway",1947,53.1086939387,"30-60%",13.5629733775
"Norway",1948,45.5286248562,"30-60%",6.9515166038
"Norway",1949,45.4748480633,"30-60%",2.6670898661
"Norway",1950,31.5318781928,"30-60%",4.8700870633
"Norway",1951,26.34372502,"0-30%",5.4177667373
"Norway",1952,23.7955817094,"0-30%",3.5243703838
"Norway",1953,25.9615476134,"0-30%",3.9716526174
"Norway",1954,26.1893065485,"0-30%",5.047529534
"Norway",1955,26.7011285938,"0-30%",2.2077303296
"Norway",1956,26.8607530406,"0-30%",5.3367637796
"Norway",1957,28.1465399344,"0-30%",3.015776494
"Norway",1958,28.4609853802,"0-30%",0
"Norway",1959,29.8979262226,"0-30%",4.2152969302
"Norway",1960,29.4609474257,"0-30%",5.6266539959
"Norway",1961,25.1066377883,"0-30%",6.2677256369
"Norway",1962,24.2761555739,"0-30%",2.8160051134
"Norway",1963,22.9756247126,"0-30%",3.8243409787
"Norway",1964,22.0751380776,"0-30%",4.9776512545
"Norway",1965,20.5058393638,"0-30%",5.3105049333
"Norway",1966,22.2525609778,"0-30%",3.7820336181
"Norway",1967,23.1021775544,"0-30%",6.2474106458
"Norway",1968,23.0933333333,"0-30%",2.2456853929
"Norway",1969,22.793799879,"0-30%",4.5128244027
"Norway",1970,23.6350889493,"0-30%",1.9870126466
"Norway",1971,24.3005443017,"0-30%",5.1304961483
"Norway",1972,26.0878401723,"0-30%",5.0931592931
"Norway",1973,26.3929120624,"0-30%",4.4131697315
"Norway",1974,26.1643413243,"0-30%",4.1921985524
"Norway",1975,27.627066213,"0-30%",5.2278681488
"Norway",1976,29.4237562167,"0-30%",5.863055747
"Norway",1977,34.8495290604,"30-60%",4.2675068022
"Norway",1978,35.6426572702,"30-60%",3.487682246
"Norway",1979,38.6085296516,"30-60%",4.4812550196
"Norway",1980,33.9700284082,"30-60%",4.9494396589
"Norway",1981,29.8364590233,"0-30%",1.547505313
"Norway",1982,26.0019790323,"0-30%",0.1249935199
"Norway",1983,20.8363492869,"0-30%",3.8668937136
"Norway",1984,23.2228229481,"0-30%",5.8941036808
"Norway",1985,25.7751180236,"0-30%",5.3540295135
"Norway",1986,34.0315961135,"30-60%",4.0375523146
"Norway",1987,26.529901247,"0-30%",1.7800135205
"Norway",1988,25.5291968844,"0-30%",-0.1728488253
"Norway",1989,25.3569062235,"0-30%",0.997558549
"Norway",1990,22.3914327817,"0-30%",1.927514003
"Norway",1991,22.9411893617,"0-30%",3.1046289615
"Norway",1992,27.2192636778,"0-30%",3.5231049815
"Norway",1993,35.3532220681,"30-60%",2.7866370789
"Norway",1994,33.0221914734,"30-60%",5.0513843416
"Norway",1995,30.8175320663,"30-60%",4.186349074
"Norway",1996,27.573645437,"0-30%",5.0997663359
"Norway",1997,24.6769063064,"0-30%",5.392640347
"Norway",1998,22.246395875,"0-30%",2.6827834908
"Norway",1999,20.8625234798,"0-30%",2.0257705901
"Norway",2000,19.3019362156,"0-30%",3.2535679946
"Norway",2001,18.1327876426,"0-30%",1.9901541356
"Norway",2002,18.9926973002,"0-30%",1.50205563
"Norway",2003,21.32172189,"0-30%",1.0135240342
"Norway",2004,18.4019873325,"0-30%",3.8641263642
"Norway",2005,17.1726661596,"0-30%",2.7392074429
"Norway",2006,12.4729923087,"0-30%",2.280888542
"Norway",2007,11.6528406621,"0-30%",3.1340917857
"Norway",2008,13.7334793119,"0-30%",2.1321302984
"Norway",2009,21.6539912771,"0-30%",-1.9066760919
"Portugal",1946,,,7.8498999793
"Portugal",1947,,,8.3658458587
"Portugal",1948,,,-0.2892049814
"Portugal",1949,,,1.3910263999
"Portugal",1950,24.6483790524,"0-30%",2.8372934789
"Portugal",1951,,,4.4791370991
"Portugal",1952,,,0.1304064334
"Portugal",1953,20.7926829268,"0-30%",6.9785109616
"Portugal",1954,20.3128712871,"0-30%",4.7986202699
"Portugal",1955,19.670411985,"0-30%",4.123910939
"Portugal",1956,19.1951219512,"0-30%",4.3650055783
"Portugal",1957,18.5241264559,"0-30%",4.427419714
"Portugal",1958,17.6228209192,"0-30%",1.3137129452
"Portugal",1959,17.3135215453,"0-30%",5.4140529617
"Portugal",1960,15.9427012278,"0-30%",6.6775829706
"Portugal",1961,14.8504435995,"0-30%",5.4621691438
"Portugal",1962,13.9856972586,"0-30%",6.6382676606
"Portugal",1963,16.2349066959,"0-30%",5.9354194407
"Portugal",1964,15.5476673428,"0-30%",6.5927159602
"Portugal",1965,14.7170154686,"0-30%",7.4437663984
"Portugal",1966,14.5780730897,"0-30%",4.0690336388
"Portugal",1967,15.9910846954,"0-30%",7.548313955
"Portugal",1968,16.8927595628,"0-30%",8.8963522259
"Portugal",1969,17.6174454829,"0-30%",2.1228698138
"Portugal",1970,16.9644839068,"0-30%",9.1129530024
"Portugal",1971,16.0539871223,"0-30%",6.6325912158
"Portugal",1972,14.1072340426,"0-30%",8.0142475512
"Portugal",1973,11.8015591779,"0-30%",11.2013471085
"Portugal",1974,10.3097553787,"0-30%",1.143587236
"Portugal",1975,10.2486744433,"0-30%",-4.347961698
"Portugal",1976,9.1113243762,"0-30%",6.8999250008
"Portugal",1977,7.4299373795,"0-30%",5.6019888357
"Portugal",1978,6.8116315729,"0-30%",2.8163318361
"Portugal",1979,6.3095770276,"0-30%",5.6385115678
"Portugal",1980,7.9885990892,"0-30%",4.5902424105
"Portugal",1981,10.0854683774,"0-30%",1.547505313
"Portugal",1982,11.3785053042,"0-30%",0.1249935199
"Portugal",1983,12.7093018204,"0-30%",3.8668937136
"Portugal",1984,9.0126894269,"0-30%",5.8941036808
"Portugal",1985,13.2498850718,"0-30%",5.3540295135
"Portugal",1986,14.0260084191,"0-30%",4.0375523146
"Portugal",1987,15.8364792605,"0-30%",1.7800135205
"Portugal",1988,18.4203008816,"0-30%",-0.1728488253
"Portugal",1989,21.2202551515,"0-30%",0.997558549
"Portugal",1990,23.8194764206,"0-30%",1.927514003
"Portugal",1991,25.2796306615,"0-30%",3.1046289615
"Portugal",1992,29.5693075523,"0-30%",3.5231049815
"Portugal",1993,33.554594474,"30-60%",2.7866370789
"Portugal",1994,35.4400005473,"30-60%",5.0513843416
"Portugal",1995,35.8896285937,"30-60%",4.186349074
"Portugal",1996,39.1704365622,"30-60%",5.0997663359
"Portugal",1997,39.4328445879,"30-60%",5.392640347
"Portugal",1998,32.9337774152,"30-60%",2.6827834908
"Portugal",1999,29.3507327407,"0-30%",2.0257705901
"Portugal",2000,54.1224584935,"30-60%",3.2535679946
"Portugal",2001,56.0290855941,"30-60%",1.9901541356
"Portugal",2002,58.6815349174,"30-60%",1.50205563
"Portugal",2003,60.1643792123,"60-90%",1.0135240342
"Portugal",2004,62.957281028,"60-90%",3.8641263642
"Portugal",2005,68.2371717497,"60-90%",2.7392074429
"Portugal",2006,69.8359237291,"60-90%",2.280888542
"Portugal",2007,69.1290729812,"60-90%",3.1340917857
"Portugal",2008,71.26518998,"60-90%",2.1321302984
"Portugal",2009,80.1014511766,"60-90%",-1.9066760919
"Spain",1946,61.1992977082,"60-90%",4.1562496723
"Spain",1947,55.1080753393,"30-60%",1.9840148377
"Spain",1948,55.6095315309,"30-60%",0.2819504349
"Spain",1949,53.8783672725,"30-60%",-0.0167943029
"Spain",1950,46.2219432398,"30-60%",2.05700262
"Spain",1951,39.9616507171,"30-60%",9.2057477826
"Spain",1952,38.9038378037,"30-60%",8.5653380452
"Spain",1953,40.2998530928,"30-60%",-0.0287254646
"Spain",1954,37.9393484675,"30-60%",7.0976324601
"Spain",1955,38.8725551358,"30-60%",3.3186168254
"Spain",1956,35.2901897515,"30-60%",8.1839979216
"Spain",1957,34.0512330167,"30-60%",3.2834265316
"Spain",1958,30.0156438026,"30-60%",6.2750474991
"Spain",1959,29.3874067937,"0-30%",
"Spain",1960,30.0277106493,"30-60%",
"Spain",1961,27.4799151344,"0-30%",
"Spain",1962,25.4559363525,"0-30%",
"Spain",1963,22.1445758141,"0-30%",
"Spain",1964,18.7824821161,"0-30%",
"Spain",1965,17.5991564198,"0-30%",
"Spain",1966,17.1038680178,"0-30%",
"Spain",1967,16.9634723292,"0-30%",
"Spain",1968,17.5060861883,"0-30%",
"Spain",1969,17.9368148468,"0-30%",
"Spain",1970,17.9825862135,"0-30%",
"Spain",1971,16.910680593,"0-30%",
"Spain",1972,16.5914793443,"0-30%",
"Spain",1973,15.4778643043,"0-30%",
"Spain",1974,13.1004258132,"0-30%",
"Spain",1975,11.5798956695,"0-30%",
"Spain",1976,8.0069632708,"0-30%",
"Spain",1977,8.5575561027,"0-30%",
"Spain",1978,9.758834893,"0-30%",
"Spain",1979,9.7104246519,"0-30%",
"Spain",1980,9.7553538219,"0-30%",
"Spain",1981,10.3996583828,"0-30%",-0.4079865068
"Spain",1982,11.5834115072,"0-30%",1.2387818155
"Spain",1983,12.9976399914,"0-30%",1.6524895529
"Spain",1984,17.7343610375,"0-30%",1.6980598594
"Spain",1985,30.3881375421,"30-60%",2.3616439041
"Spain",1986,35.2351260223,"30-60%",3.4320487311
"Spain",1987,36.2503675586,"30-60%",5.7089831879
"Spain",1988,36.683698215,"30-60%",5.2845471724
"Spain",1989,33.0671374912,"30-60%",5.0039236063
"Spain",1990,34.4816640921,"30-60%",3.8464548739
"Spain",1991,35.9897199295,"30-60%",2.5255644106
"Spain",1992,36.1146492665,"30-60%",0.8506006611
"Spain",1993,39.4059571172,"30-60%",-1.3136949227
"Spain",1994,48.6878002206,"30-60%",2.3345135358
"Spain",1995,48.7675500311,"30-60%",4.1222351572
"Spain",1996,52.1624041764,"30-60%",2.421260943
"Spain",1997,55.7744372381,"30-60%",3.8654420096
"Spain",1998,55.7152386633,"30-60%",4.4688462978
"Spain",1999,50.8218063186,"30-60%",4.7452907255
"Spain",2000,48.4400956426,"30-60%",5.0528062822
"Spain",2001,45.0906302246,"30-60%",3.6450009691
"Spain",2002,42.7809151323,"30-60%",2.7038566035
"Spain",2003,39.4844232363,"30-60%",3.0976765279
"Spain",2004,37.9474509002,"30-60%",3.2665254866
"Spain",2005,35.119367248,"30-60%",3.6154531256
"Spain",2006,31.7445981038,"30-60%",4.0173343797
"Spain",2007,29.1782318353,"0-30%",3.5653174968
"Spain",2008,32.9283417547,"30-60%",0.8557299941
"Spain",2009,42.5426803651,"30-60%",-3.7672327429
"Sweden",1946,47.2433714922,"30-60%",11.3994033108
"Sweden",1947,42.214742723,"30-60%",7.9366447629
"Sweden",1948,39.8391700173,"30-60%",2.3157795659
"Sweden",1949,39.2628709019,"30-60%",2.9491260001
"Sweden",1950,38.8698309736,"30-60%",6.0078469025
"Sweden",1951,32.3870381128,"30-60%",2.9771284842
"Sweden",1952,29.449245812,"0-30%",0.5636097874
"Sweden",1953,31.1722213471,"30-60%",4.0344231004
"Sweden",1954,31.8513504939,"30-60%",5.278263363
"Sweden",1955,31.6386959687,"30-60%",2.810786605
"Sweden",1956,30.7126952807,"30-60%",3.4941008799
"Sweden",1957,32.3847158387,"30-60%",3.0823043782
"Sweden",1958,31.8794263598,"30-60%",3.6392377737
"Sweden",1959,32.8658766699,"30-60%",4.7004653546
"Sweden",1960,31.5544407644,"30-60%",5.622955891
"Sweden",1961,28.54231935,"0-30%",5.091518896
"Sweden",1962,25.0305178647,"0-30%",6.0475553377
"Sweden",1963,23.6443350512,"0-30%",5.2707268027
"Sweden",1964,21.4456003468,"0-30%",8.0303933008
"Sweden",1965,19.2649376702,"0-30%",5.1099979292
"Sweden",1966,19.081213975,"0-30%",4.3749374455
"Sweden",1967,19.5190283646,"0-30%",3.2085376117
"Sweden",1968,21.0078272296,"0-30%",4.4058384111
"Sweden",1969,26.256351601,"0-30%",5.6192938965
"Sweden",1970,20.99276532,"0-30%",5.5901037335
"Sweden",1971,20.8286120882,"0-30%",0.3012181139
"Sweden",1972,22.1517682741,"0-30%",3.3021638705
"Sweden",1973,22.6189006104,"0-30%",3.9506838172
"Sweden",1974,24.2122072253,"0-30%",2.2309460681
"Sweden",1975,24.4250876872,"0-30%",2.0890713247
"Sweden",1976,23.6365987942,"0-30%",0.4474037008
"Sweden",1977,26.4802062614,"0-30%",-1.4210690045
"Sweden",1978,31.8038550127,"30-60%",2.21634933
"Sweden",1979,37.8849984967,"30-60%",3.9561894488
"Sweden",1980,41.8512489496,"30-60%",2.5989449668
"Sweden",1981,49.3121753144,"30-60%",-0.2022419581
"Sweden",1982,57.4758071768,"30-60%",1.1931167173
"Sweden",1983,62.5060781645,"60-90%",1.8097593452
"Sweden",1984,64.7151247525,"60-90%",4.2712937925
"Sweden",1985,66.2064297575,"60-90%",2.1896632577
"Sweden",1986,64.0218906018,"60-90%",2.8610674774
"Sweden",1987,58.2613499115,"30-60%",3.4571354856
"Sweden",1988,52.3338023819,"30-60%",2.6664311387
"Sweden",1989,46.3965823861,"30-60%",2.7791335014
"Sweden",1990,43.5177498558,"30-60%",1.0102883428
"Sweden",1991,45.217782824,"30-60%",-1.1212866823
"Sweden",1992,57.5920961435,"30-60%",-1.203511282
"Sweden",1993,71.9640519137,"60-90%",-2.0577861113
"Sweden",1994,76.620493336,"60-90%",3.9468574696
"Sweden",1995,76.5938577491,"60-90%",3.973056602
"Sweden",1996,76.1946233714,"60-90%",1.4605203821
"Sweden",1997,74.3163466528,"60-90%",2.4602815703
"Sweden",1998,72.0076636731,"60-90%",3.8139455208
"Sweden",1999,64.6986068541,"60-90%",4.59540285
"Sweden",2000,56.8538082391,"30-60%",4.3989324335
"Sweden",2001,49.7307603023,"30-60%",1.0577394447
"Sweden",2002,47.9324261802,"30-60%",2.4113087159
"Sweden",2003,48.8535673817,"30-60%",1.9125969353
"Sweden",2004,47.8988632208,"30-60%",4.1270445918
"Sweden",2005,47.8415630187,"30-60%",3.2983393577
"Sweden",2006,43.779694497,"30-60%",4.2464595861
"Sweden",2007,38.1216565977,"30-60%",2.5597220886
"Sweden",2008,35.4424938547,"30-60%",-0.1550690959
"Sweden",2009,35.2432812785,"30-60%",-4.8277828626
"UK",1946,247.4819422151,"Above 90%",-2.4583102256
"UK",1947,237.9409580394,"Above 90%",-1.2762244639
"UK",1948,213.9719392016,"Above 90%",2.9241100535
"UK",1949,197.7683482634,"Above 90%",3.3147168643
"UK",1950,193.883378419,"Above 90%",3.1814589748
"UK",1951,175.3382034632,"Above 90%",2.7278189333
"UK",1952,161.9908652944,"Above 90%",0.0523814268
"UK",1953,152.1581683313,"Above 90%",3.8362957776
"UK",1954,146.6567361801,"Above 90%",4.1118390527
"UK",1955,138.1939456131,"Above 90%",3.4577320629
"UK",1956,129.0274861615,"Above 90%",0.9281568677
"UK",1957,122.1805021488,"Above 90%",1.6588466605
"UK",1958,118.1431670282,"Above 90%",0.3193582606
"UK",1959,112.4363397404,"Above 90%",4.2810111043
"UK",1960,106.7598259999,"Above 90%",5.3301013474
"UK",1961,103.0605916901,"Above 90%",2.3333316399
"UK",1962,99.8711295322,"Above 90%",1.0812367203
"UK",1963,98.1551514354,"Above 90%",4.2985747542
"UK",1964,90.9654508246,"Above 90%",5.4803841472
"UK",1965,84.8222246991,"60-90%",2.2269592197
"UK",1966,82.0681348032,"60-90%",1.9251638147
"UK",1967,79.4071646682,"60-90%",2.4637749462
"UK",1968,78.3260032985,"60-90%",4.198158079
"UK",1969,72.2710163112,"60-90%",2.0745006371
"UK",1970,63.9875425565,"60-90%",2.2442424576
"UK",1971,57.9885555748,"30-60%",2.0932785533
"UK",1972,55.4618467681,"30-60%",3.6555442358
"UK",1973,49.4801797572,"30-60%",7.195866587
"UK",1974,47.4779028079,"30-60%",-1.3129395814
"UK",1975,42.4112371974,"30-60%",-0.6221846702
"UK",1976,44.8112833996,"30-60%",2.6349623281
"UK",1977,45.6995502575,"30-60%",2.3746986167
"UK",1978,46.7568972033,"30-60%",3.2295997579
"UK",1979,43.6125890975,"30-60%",2.6800750077
"UK",1980,40.8750171538,"30-60%",-2.0817978839
"UK",1981,44.1066181778,"30-60%",-1.3234581048
"UK",1982,42.1280744705,"30-60%",2.0930688172
"UK",1983,41.6419547732,"30-60%",3.6243464474
"UK",1984,43.3432450373,"30-60%",2.6709249269
"UK",1985,43.6836227533,"30-60%",3.5993814256
"UK",1986,44.0363459754,"30-60%",4.0123298228
"UK",1987,43.3471358753,"30-60%",4.56208085
"UK",1988,41.2593258239,"30-60%",5.0321017915
"UK",1989,37.5651564707,"30-60%",2.2814467236
"UK",1990,33.8395147672,"30-60%",0.7792661463
"UK",1991,33.1910721206,"30-60%",-1.3924389679
"UK",1992,34.4855967078,"30-60%",0.1466304495
"UK",1993,38.0373771775,"30-60%",2.22225495
"UK",1994,44.2823602752,"30-60%",4.2801743286
"UK",1995,47.6175085167,"30-60%",3.0427374044
"UK",1996,49.9769740293,"30-60%",2.8792564817
"UK",1997,50.5419868111,"30-60%",3.3071700785
"UK",1998,47.5974346549,"30-60%",3.6057308181
"UK",1999,45.3987703638,"30-60%",3.4732411573
"UK",2000,43.6482945277,"30-60%",3.9150367497
"UK",2001,41.6856848706,"30-60%",2.461832025
"UK",2002,40.40150098,"30-60%",2.0965327955
"UK",2003,39.3075299233,"30-60%",2.8180220621
"UK",2004,41.326810534,"30-60%",2.7578074413
"UK",2005,38.5946445944,"30-60%",2.0575864642
"UK",2006,40.0512897873,"30-60%",2.8378382901
"UK",2007,41.032826261,"30-60%",3.0223821099
"UK",2008,42.4518190179,"30-60%",0.7069152452
"UK",2009,54.9543890705,"30-60%",-4.4
"US",1946,121.2520698348,"Above 90%",-10.9421586166
"US",1947,105.8117095899,"Above 90%",-0.8983372391
"US",1948,93.7540864039,"Above 90%",4.3972749282
"US",1949,94.5996855763,"Above 90%",-0.5123503398
"US",1950,87.625928618,"60-90%",8.7439692091
"US",1951,75.220152318,"60-90%",7.7318045862
"US",1952,72.3151489771,"60-90%",3.8313821665
"US",1953,70.1479202845,"60-90%",4.6035919604
"US",1954,71.309042878,"60-90%",-0.630538514
"US",1955,66.162098578,"60-90%",7.1985937232
"US",1956,62.357296216,"60-90%",1.9757629085
"US",1957,58.6699570367,"30-60%",2.015923442
"US",1958,59.1488051682,"30-60%",-0.9034639191
"US",1959,56.1993499957,"30-60%",7.1733395407
"US",1960,54.3941414985,"30-60%",2.4760180995
"US",1961,53.0416553983,"30-60%",2.3314140379
"US",1962,50.9135773811,"30-60%",6.058200145
"US",1963,49.5078719644,"30-60%",4.3711756282
"US",1964,46.9730107379,"30-60%",5.7878816229
"US",1965,44.1209705165,"30-60%",6.420422722
"US",1966,40.6128078958,"30-60%",6.5150549846
"US",1967,39.1904057899,"30-60%",2.527761163
"US",1968,38.2038257228,"30-60%",4.8421052632
"US",1969,35.9325735312,"30-60%",3.1064015097
"US",1970,35.7236547193,"30-60%",0.1900605378
"US",1971,35.3327781732,"30-60%",3.3583924682
"US",1972,34.5149415091,"30-60%",5.3112183627
"US",1973,33.1434280049,"30-60%",5.7942638294
"US",1974,31.6812147871,"30-60%",-0.5511490746
"US",1975,32.5571838554,"30-60%",-0.212683286
"US",1976,34.0037816508,"30-60%",5.3653038221
"US",1977,34.4239200039,"30-60%",4.5980588567
"US",1978,33.6360624292,"30-60%",5.5767335478
"US",1979,32.258176567,"30-60%",3.1245596731
"US",1980,32.5562569492,"30-60%",-0.2732707088
"US",1981,31.9129781246,"30-60%",2.53810584
"US",1982,35.1049428255,"30-60%",-1.9424772849
"US",1983,38.9636734001,"30-60%",4.518898295
"US",1984,39.9976086901,"30-60%",7.1852286431
"US",1985,43.2271013634,"30-60%",4.1386021195
"US",1986,47.6514566189,"30-60%",3.4631276189
"US",1987,49.621587935,"30-60%",3.2004515628
"US",1988,51.0222279045,"30-60%",4.1103195548
"US",1989,52.1229266191,"30-60%",3.5724136119
"US",1990,55.7419783084,"30-60%",1.876767395
"US",1991,61.1689282839,"60-90%",-0.2340083894
"US",1992,64.0874864879,"60-90%",3.3935945902
"US",1993,66.165055091,"60-90%",2.8514196764
"US",1994,66.2331325864,"60-90%",4.0746650398
"US",1995,67.0827262156,"60-90%",2.5138940557
"US",1996,66.655749686,"60-90%",3.7410514972
"US",1997,64.9650282199,"60-90%",4.4562694114
"US",1998,62.8440667413,"60-90%",4.3554590382
"US",1999,60.472239286,"60-90%",4.8261778577
"US",2000,57.0183209555,"30-60%",4.1392233622
"US",2001,56.4587837316,"30-60%",1.079636558
"US",2002,58.5234015729,"30-60%",1.8136632826
"US",2003,60.8792872326,"60-90%",2.4902622695
"US",2004,62.1770900784,"60-90%",3.5732684723
"US",2005,62.7667241243,"60-90%",3.0545181754
"US",2006,63.4899732569,"60-90%",2.6728066844
"US",2007,63.9854876347,"60-90%",2.1416131071
"US",2008,74.0910609583,"60-90%",0.4381663033
"US",2009,83.4828347084,"60-90%",-2.7301699384
